Surveyor Part Code,Surveyor Part Name
P000,Front Bumper
P001,Rear Bumper
P002,Hood
P003,Windshield
P004,Headlight Left
P005,Headlight Right
P006,Door Front Left
P007,Door Front Right
P008,Fender Left
P009,Fender Right
P010,Front Bumper
P011,Rear Bumper
P012,Hood
P013,Windshield
P014,Headlight Left
P015,Headlight Right
P016,Door Front Left
P017,Door Front Right
P018,Fender Left
P019,Fender Right
P020,Front Bumper
P021,Rear Bumper
P022,Hood
P023,Windshield
P024,Headlight Left
P025,Headlight Right
P026,Door Front Left
P027,Door Front Right
P028,Fender Left
P029,Fender Right
P030,Front Bumper
P031,Rear Bumper
P032,Hood
P033,Windshield
P034,Headlight Left
P035,Headlight Right
P036,Door Front Left
P037,Door Front Right
P038,Fender Left
P039,Fender Right
P040,Front Bumper
P041,Rear Bumper
P042,Hood
P043,Windshield
P044,Headlight Left
P045,Headlight Right
P046,Door Front Left
P047,Door Front Right
P048,Fender Left
P049,Fender Right
P050,Front Bumper
P051,Rear Bumper
P052,Hood
P053,Windshield
P054,Headlight Left
P055,Headlight Right
P056,Door Front Left
P057,Door Front Right
P058,Fender Left
P059,Fender Right
P060,Front Bumper
P061,Rear Bumper
P062,Hood
P063,Windshield
P064,Headlight Left
P065,Headlight Right
P066,Door Front Left
P067,Door Front Right
P068,Fender Left
P069,Fender Right
P070,Front Bumper
P071,Rear Bumper
P072,Hood
P073,Windshield
P074,Headlight Left
P075,Headlight Right
P076,Door Front Left
P077,Door Front Right
P078,Fender Left
P079,Fender Right
P080,Front Bumper
P081,Rear Bumper
P082,Hood
P083,Windshield
P084,Headlight Left
P085,Headlight Right
P086,Door Front Left
P087,Door Front Right
P088,Fender Left
P089,Fender Right
P090,Front Bumper
P091,Rear Bumper
P092,Hood
P093,Windshield
P094,Headlight Left
P095,Headlight Right
P096,Door Front Left
P097,Door Front Right
P098,Fender Left
P099,Fender Right
